"Symbol","Name","LastSale","MarketCap","IPOyear","Sector","industry","Summary Quote"
"XXII","22nd Century Group, Inc","1.02","$65.62M","n/a","Consumer Non-Durables","Farming/Seeds/Milling","http://www.nasdaq.com/symbol/xxii"
"FAX","Aberdeen Asia-Pacific Income Fund Inc","5.51","$1.47B","1986","n/a","n/a","http://www.nasdaq.com/symbol/fax"
"IAF","Aberdeen Australia Equity Fund Inc","7.19","$164.93M","n/a","n/a","n/a","http://www.nasdaq.com/symbol/iaf"
"CH","Aberdeen Chile Fund, Inc.","7.62","$71.53M","n/a","n/a","n/a","http://www.nasdaq.com/symbol/ch"
"ETF","Aberdeen Emerging Markets Smaller Company Opportunities Fund I","13.16","$128.5M","1992","n/a","n/a","http://www.nasdaq.com/symbol/etf"
"FCO","Aberdeen Global Income Fund, Inc.","9.59","$88.19M","1992","n/a","n/a","http://www.nasdaq.com/symbol/fco"
"IF","Aberdeen Indonesia Fund, Inc.","7.54","$71.52M","1990","n/a","n/a","http://www.nasdaq.com/symbol/if"
"ISL","Aberdeen Israel Fund, Inc.","18.3999","$74.88M","1992","n/a","n/a","http://www.nasdaq.com/symbol/isl"
"ACU","Acme United Corporation.","18.47","$61.29M","1988","Capital Goods","Industrial Machinery/Components","http://www.nasdaq.com/symbol/acu"
"AIII","ACRE Realty Investors, Inc.","1.5499","$31.08M","n/a","Consumer Services","Real Estate Investment Trusts","http://www.nasdaq.com/symbol/aiii"
"ATNM","Actinium Pharmaceuticals, Inc.","2.52","$89.41M","n/a","Health Care","Major Pharmaceuticals","http://www.nasdaq.com/symbol/atnm"
"AE","Adams Resources & Energy, Inc.","46.4","$195.7M","n/a","Energy","Oil Refining/Marketing","http://www.nasdaq.com/symbol/ae"
"ADK","Adcare Health Systems Inc","4.08","$78.94M","n/a","Health Care","Hospital/Nursing Management","http://www.nasdaq.com/symbol/adk"
"ADK^A","Adcare Health Systems Inc","26.37","n/a","n/a","n/a","n/a","http://www.nasdaq.com/symbol/adk^a"
"API","Advanced Photonix, Inc.","0.4","$14.95M","n/a","Technology","Semiconductors","http://www.nasdaq.com/symbol/api"
"ACY","AeroCentury Corp.","11.212","$17.3M","n/a","Technology","Diversified Commercial Services","http://www.nasdaq.com/symbol/acy"
"WGA","AG&E Holdings, Inc.","0.805","$9.4M","n/a","Technology","Radio And Television Broadcasting And Communications Equipment","http://www.nasdaq.com/symbol/wga"
"AIRI","Air Industries Group","10.74","$76.35M","n/a","Capital Goods","Military/Government/Technical","http://www.nasdaq.com/symbol/airi"
"AA^","Alcoa Inc.","87.95","n/a","n/a","Capital Goods","Metal Fabrications","http://www.nasdaq.com/symbol/aa^"
"AXX","Alderon Iron Ore Corp.","0.234","$30.92M","n/a","Basic Industries","Precious Metals","http://www.nasdaq.com/symbol/axx"
"AXU","Alexco Resource Corp","0.42","$29.23M","n/a","Basic Industries","Precious Metals","http://www.nasdaq.com/symbol/axu"
"AAU","Almaden Minerals, Ltd.","0.785","$57.42M","n/a","Basic Industries","Precious Metals","http://www.nasdaq.com/symbol/aau"
"APT","Alpha Pro Tech, Ltd.","2.36","$43.3M","n/a","Health Care","Industrial Specialties","http://www.nasdaq.com/symbol/apt"
"ALTV","Alteva (D/B/A)","7.03","$42.12M","n/a","Public Utilities","Telecommunications Equipment","http://www.nasdaq.com/symbol/altv"
"AAMC","Altisource Asset Management Corp","225.01","$496.5M","n/a","Finance","Real Estate","http://www.nasdaq.com/symbol/aamc"
"DIT","AMCON Distributing Company","79.5","$48.96M","n/a","Consumer Non-Durables","Food Distributors","http://www.nasdaq.com/symbol/dit"
"APP","American Apparel Inc","0.653","$115.1M","n/a","Finance","Business Services","http://www.nasdaq.com/symbol/app"
"ADGE","American DG Energy Inc.","0.85","$43.07M","n/a","Energy","Electric Utilities: Central","http://www.nasdaq.com/symbol/adge"
"AMZG","American Eagle Energy Corporation.","0.182","$5.54M","n/a","Basic Industries","Precious Metals","http://www.nasdaq.com/symbol/amzg"
"ALN","American Lorain Corporation","1.29","$45.04M","n/a","Consumer Non-Durables","Packaged Foods","http://www.nasdaq.com/symbol/aln"
"AMS","American Shared Hospital Services","2.69","$14.42M","n/a","Health Care","Medical Specialities","http://www.nasdaq.com/symbol/ams"
"AMPE","Ampio Pharmaceuticals, Inc.","2.47","$128.37M","n/a","Health Care","Major Pharmaceuticals","http://www.nasdaq.com/symbol/ampe"
"AXN","Aoxing Pharmaceutical Company, Inc.","1.35","$91.76M","n/a","Health Care","Major Pharmaceuticals","http://www.nasdaq.com/symbol/axn"
"AMCO","Armco Metals Holdings, Inc.","1.27","$7.72M","n/a","Consumer Durables","Steel/Iron Ore","http://www.nasdaq.com/symbol/amco"
"HRT","Arrhythmia Research Technology Inc.","6.7","$18.62M","n/a","Health Care","Biotechnology: Electromedical & Electrotherapeutic Apparatus","http://www.nasdaq.com/symbol/hrt"
"AKG","Asanko Gold Inc.","1.46","$287.39M","n/a","Basic Industries","Mining & Quarrying of Nonmetallic Minerals (No Fuels)","http://www.nasdaq.com/symbol/akg"
"AINC","Ashford Inc.","98","$194.71M","2014","Consumer Services","Professional Services","http://www.nasdaq.com/symbol/ainc"
"ASB/WS","Associated Banc-Corp","2.65","n/a","n/a","n/a","n/a","http://www.nasdaq.com/symbol/asb/ws"
"AST","Asterias Biotherapeutics, Inc.","10.54","$340.57M","n/a","Health Care","Biotechnology: Biological Products (No Diagnostic Substances)","http://www.nasdaq.com/symbol/ast"
"ATL","Atlatsa Resources Corporation","0.14","$77.6M","n/a","Basic Industries","Precious Metals","http://www.nasdaq.com/symbol/atl"
"AWX","Avalon Holdings Corporation","3.62","$13.77M","n/a","Public Utilities","Environmental Services","http://www.nasdaq.com/symbol/awx"
"AVL","Avalon Rare Metals, Inc.","0.2666","$37.7M","n/a","Basic Industries","Precious Metals","http://www.nasdaq.com/symbol/avl"
"ASM","Avino Silver","1.3","$46.37M","n/a","Basic Industries","Precious Metals","http://www.nasdaq.com/symbol/asm"
"BTG","B2Gold Corp","1.55","$1.43B","n/a","Basic Industries","Precious Metals","http://www.nasdaq.com/symbol/btg"
"BTN","Ballantyne Strong, Inc","4.66","$65.72M","n/a","Miscellaneous","Industrial Machinery/Components","http://www.nasdaq.com/symbol/btn"
"BKJ","Bancorp of New Jersey, Inc","11.4005","$71.12M","n/a","Finance","Major Banks","http://www.nasdaq.com/symbol/bkj"
"BCV","Bancroft Fund Limited","21.0548","$110.38M","n/a","n/a","n/a","http://www.nasdaq.com/symbol/bcv"
"BAA","BANRO CORPORATION","0.2484","$62.62M","n/a","Basic Industries","Precious Metals","http://www.nasdaq.com/symbol/baa"
"BHB","Bar Harbor Bankshares, Inc.","35.45","$211.23M","n/a","Finance","Major Banks","http://www.nasdaq.com/symbol/bhb"
"BRN","Barnwell Industries, Inc.","3.119","$25.82M","n/a","Energy","Oil & Gas Production","http://www.nasdaq.com/symbol/brn"
"BIR^A","Berkshire Income Realty, Inc.","27.84","n/a","n/a","n/a","n/a","http://www.nasdaq.com/symbol/bir^a"
"BGSF","BG Staffing Inc","12","$79.18M","n/a","Technology","Professional Services","http://www.nasdaq.com/symbol/bgsf"
"BTX","BioTime, Inc.","5.43","$452.13M","n/a","Health Care","Biotechnology: Biological Products (No Diagnostic Substances)","http://www.nasdaq.com/symbol/btx"
"BTX/WS","BioTime, Inc.","2.2704","n/a","n/a","n/a","n/a","http://www.nasdaq.com/symbol/btx/ws"
"BGI","Birks Group Inc.","1.2411","$22.25M","n/a","Consumer Services","Consumer Specialties","http://www.nasdaq.com/symbol/bgi"
"BZM","BlackRock Maryland Municipal Bond Trust","15.1","$31.32M","2002","n/a","n/a","http://www.nasdaq.com/symbol/bzm"
"MHE","BlackRock Massachusetts Tax-Exempt Trust","14.49","$34.24M","1993","n/a","n/a","http://www.nasdaq.com/symbol/mhe"
"BLE","BlackRock Municipal Income Trust II","15","$351.8M","2002","n/a","n/a","http://www.nasdaq.com/symbol/ble"
"BLJ","Blackrock New Jersey Municipal Bond Trust","15.83","$36.8M","2002","n/a","n/a","http://www.nasdaq.com/symbol/blj"
"BFY","BlackRock New York Municipal Income Trust II","14.55","$72.73M","2002","n/a","n/a","http://www.nasdaq.com/symbol/bfy"
"BHV","BlackRock Virginia Municipal Bond Trust","17.46","$27.78M","2002","n/a","n/a","http://www.nasdaq.com/symbol/bhv"
"BDR","Blonder Tongue Laboratories, Inc.","0.7625","$4.78M","n/a","Technology","Radio And Television Broadcasting And Communications Equipment","http://www.nasdaq.com/symbol/bdr"
"BRG","Bluerock Residential Growth REIT, Inc.","13.85","$173.12M","2014","Consumer Services","Real Estate Investment Trusts","http://www.nasdaq.com/symbol/brg"
"BVX","Bovie Medical Corporation","3.01","$70.41M","n/a","Health Care","Medical/Dental Instruments","http://www.nasdaq.com/symbol/bvx"
"BWL/A","Bowl America, Inc.","14.6458","n/a","n/a","Consumer Services","Services-Misc. Amusement & Recreation","http://www.nasdaq.com/symbol/bwl/a"
"BZC","Breeze-Eastern Corporation","10.2495","$100.61M","n/a","Capital Goods","Military/Government/Technical","http://www.nasdaq.com/symbol/bzc"
"BTI","British American Tobacco p.l.c.","111.22","$103.66B","n/a","Consumer Non-Durables","Farming/Seeds/Milling","http://www.nasdaq.com/symbol/bti"
"CANF","Can-Fite Biopharma Ltd","2.6","$27.71M","n/a","Health Care","Major Pharmaceuticals","http://www.nasdaq.com/symbol/canf"
"ROX","Castle Brands, Inc.","1.5","$235.4M","2006","Consumer Non-Durables","Beverages (Production/Distribution)","http://www.nasdaq.com/symbol/rox"
"CAW","CCA Industries, Inc.","3.092","$21.66M","n/a","Consumer Non-Durables","Package Goods/Cosmetics","http://www.nasdaq.com/symbol/caw"
"CVM","Cel-Sci Corporation","0.9904","$90.7M","n/a","Health Care","Biotechnology: Biological Products (No Diagnostic Substances)","http://www.nasdaq.com/symbol/cvm"
"CVM/WS","Cel-Sci Corporation","0.27","n/a","n/a","n/a","n/a","http://www.nasdaq.com/symbol/cvm/ws"
"CEF","Central Fund of Canada Limited","11.96","$3.04B","n/a","n/a","n/a","http://www.nasdaq.com/symbol/cef"
"GTU","Central Gold Trust","41.56","$802.07M","n/a","n/a","n/a","http://www.nasdaq.com/symbol/gtu"
"CET","Central Securities Corporation","21.8501","$542.3M","n/a","n/a","n/a","http://www.nasdaq.com/symbol/cet"
"LEU","Centrus Energy Corp.","5.21","$46.89M","2014","Basic Industries","Mining & Quarrying of Nonmetallic Minerals (No Fuels)","http://www.nasdaq.com/symbol/leu"
"CCF","Chase Corporation","38.45","$353.08M","n/a","Consumer Durables","Building Products","http://www.nasdaq.com/symbol/ccf"
"CQH","Cheniere Energy Partners LP Holdings, LLC","25.46","$5.9B","2013","Public Utilities","Oil/Gas Transmission","http://www.nasdaq.com/symbol/cqh"
"CQP","Cheniere Energy Partners, LP","32.1","$10.84B","2007","Public Utilities","Oil/Gas Transmission","http://www.nasdaq.com/symbol/cqp"
"LNG","Cheniere Energy, Inc.","77.84","$18.42B","n/a","Public Utilities","Oil/Gas Transmission","http://www.nasdaq.com/symbol/lng"
"CVR","Chicago Rivet & Machine Co.","30.64","$29.6M","n/a","Technology","Industrial Machinery/Components","http://www.nasdaq.com/symbol/cvr"
"CNR","China Metro-Rural Holdings Limited","0.9072","$66.72M","n/a","Finance","Real Estate","http://www.nasdaq.com/symbol/cnr"
"CPHI","China Pharma Holdings, Inc.","0.3533","$15.4M","n/a","Health Care","Major Pharmaceuticals","http://www.nasdaq.com/symbol/cphi"
"CKX","CKX Lands, Inc.","14.8368","$28.82M","n/a","Energy","Oil & Gas Production","http://www.nasdaq.com/symbol/ckx"
"GLV","Clough Global Allocation Fund","15.13","$157.88M","2004","n/a","n/a","http://www.nasdaq.com/symbol/glv"
"GLQ","Clough Global Equity Fund","15.14","$270.11M","2005","n/a","n/a","http://www.nasdaq.com/symbol/glq"
"GLO","Clough Global Opportunities Fund","12.6","$651.88M","2006","n/a","n/a","http://www.nasdaq.com/symbol/glo"
"CRV","Coast Distribution System, Inc. (The)","3.57","$18.59M","n/a","Capital Goods","Automotive Aftermarket","http://www.nasdaq.com/symbol/crv"
"MOC","Command Security Corporation","2.05","$19.95M","n/a","Consumer Services","Diversified Commercial Services","http://www.nasdaq.com/symbol/moc"
"CIX","CompX International Inc.","11.8","$146.37M","1998","Capital Goods","Industrial Machinery/Components","http://www.nasdaq.com/symbol/cix"
"LODE","Comstock Mining, Inc.","0.739","$66.36M","n/a","Basic Industries","Precious Metals","http://www.nasdaq.com/symbol/lode"
"CTO","Consolidated-Tomoka Land Co.","54.75","$323.33M","n/a","Finance","Real Estate","http://www.nasdaq.com/symbol/cto"
"MCF","Contango Oil & Gas Company","22.63","$433.5M","n/a","Energy","Oil & Gas Production","http://www.nasdaq.com/symbol/mcf"
"CUO","Continental Materials Corporation","17.672","$29.17M","n/a","Capital Goods","Building Materials","http://www.nasdaq.com/symbol/cuo"
"CMT","Core Molding Technologies Inc","21.77","$164.63M","n/a","Consumer Non-Durables","Plastic Products","http://www.nasdaq.com/symbol/cmt"
"CRMD","CorMedix Inc","7.61","$183.57M","n/a","Health Care","Major Pharmaceuticals","http://www.nasdaq.com/symbol/crmd"
"CFP","Cornerstone Progressive Return Fund","16.06","$266.04M","n/a","n/a","n/a","http://www.nasdaq.com/symbol/cfp"
"CRF","Cornerstone Strategic Return Fund, Inc. (The)","22.99","$102.93M","n/a","n/a","n/a","http://www.nasdaq.com/symbol/crf"
"CLM","Cornerstone Strategic Value Fund, Inc.","21.89","$179.38M","1987","n/a","n/a","http://www.nasdaq.com/symbol/clm"
"COVR","Cover-All Technologies Inc.","1.014","$27.34M","n/a","Technology","Computer Software: Prepackaged Software","http://www.nasdaq.com/symbol/covr"
"CVU","CPI Aerostructures, Inc.","11.135","$95.22M","n/a","Capital Goods","Military/Government/Technical","http://www.nasdaq.com/symbol/cvu"
"CIK","Credit Suisse Asset Management Income Fund, Inc.","3.271","$170.93M","n/a","n/a","n/a","http://www.nasdaq.com/symbol/cik"
"DHY","Credit Suisse High Yield Bond Fund","2.81","$279.65M","1998","n/a","n/a","http://www.nasdaq.com/symbol/dhy"
"CRVP","Crystal Rock Holdings, Inc.","0.6969","$14.88M","n/a","Consumer Non-Durables","Food Distributors","http://www.nasdaq.com/symbol/crvp"
"CTP","CTPartners Executive Search Inc.","3.74","$32.63M","2010","Technology","Diversified Commercial Services","http://www.nasdaq.com/symbol/ctp"
"CVSL","CVSL Inc.","2.09","$71.83M","2014","Consumer Services","Other Consumer Services","http://www.nasdaq.com/symbol/cvsl"
"DAKP","Dakota Plains Holdings, Inc.","1.66","$91.18M","n/a","Energy","Oil Refining/Marketing","http://www.nasdaq.com/symbol/dakp"
"DXR","Daxor Corporation","7.84","$31.29M","n/a","Health Care","Medical/Dental Instruments","http://www.nasdaq.com/symbol/dxr"
"DEJ","Dejour Energy Inc.","0.14","$25.54M","n/a","Energy","Oil & Gas Production","http://www.nasdaq.com/symbol/dej"
"VCF","Delaware Investments Colorado Municipal Income Fund, Inc","14.16","$68.49M","1993","n/a","n/a","http://www.nasdaq.com/symbol/vcf"
"VFL","Delaware Investments Florida Insured Municipal Income Fund","13.1","$59.32M","1993","n/a","n/a","http://www.nasdaq.com/symbol/vfl"
"VMM","Delaware Investments Minnesota Municipal Income Fund II, Inc.","13.7872","$158.62M","1993","n/a","n/a","http://www.nasdaq.com/symbol/vmm"
"DLA","Delta Apparel, Inc.","12.28","$96.91M","n/a","Consumer Non-Durables","Apparel","http://www.nasdaq.com/symbol/dla"
"DNN","Denison Mine Corp","0.871","$441.11M","n/a","Basic Industries","Precious Metals","http://www.nasdaq.com/symbol/dnn"
"DGSE","DGSE Companies, Inc.","1.24","$15.19M","n/a","Consumer Services","Consumer Specialties","http://www.nasdaq.com/symbol/dgse"
"DPW","Digital Power Corporation","0.84","$5.69M","n/a","Capital Goods","Industrial Machinery/Components","http://www.nasdaq.com/symbol/dpw"
"DSS","Document Security Systems, Inc.","0.2568","$11.89M","n/a","Technology","EDP Services","http://www.nasdaq.com/symbol/dss"
"DMF","Dreyfus Municipal Income, Inc.","9.63","$199.48M","1988","n/a","n/a","http://www.nasdaq.com/symbol/dmf"
"GRF","Eagle Capital Growth Fund, Inc.","7.81","$24.41M","n/a","n/a","n/a","http://www.nasdaq.com/symbol/grf"
"ESTE","Earthstone Energy, Inc.","25.75","$356.25M","n/a","Energy","Oil & Gas Production","http://www.nasdaq.com/symbol/este"
"EVM","Eaton Vance California Municipal Bond Fund","12.16","$260.21M","2002","n/a","n/a","http://www.nasdaq.com/symbol/evm"
"EIA","Eaton Vance California Municipal Bond Fund II","13.19","$51.25M","2002","n/a","n/a","http://www.nasdaq.com/symbol/eia"
"CEV","Eaton Vance California Municipal Income Trust","13.42","$97.36M","1999","n/a","n/a","http://www.nasdaq.com/symbol/cev"
"EVV","Eaton Vance Limited Duration Income Fund","14.69","$1.73B","2003","n/a","n/a","http://www.nasdaq.com/symbol/evv"
"MAB","Eaton Vance Massachusetts Municipal Bond Fund","14.43","$25.52M","2002","n/a","n/a","http://www.nasdaq.com/symbol/mab"
"MMV","Eaton Vance Massachusetts Municipal Income Trust","13.51","$37.05M","1999","n/a","n/a","http://www.nasdaq.com/symbol/mmv"
"MIW","Eaton Vance Michigan Municipal Bond Fund","13.812","$20.91M","2002","n/a","n/a","http://www.nasdaq.com/symbol/miw"
"EMI","Eaton Vance Michigan Municipal Income Trust","12.91","$26.9M","1999","n/a","n/a","http://www.nasdaq.com/symbol/emi"
"EIM","Eaton Vance Municipal Bond Fund","12.57","$856.87M","2002","n/a","n/a","http://www.nasdaq.com/symbol/eim"
"EIV","Eaton Vance Municipal Bond Fund II","12.78","$127.97M","2002","n/a","n/a","http://www.nasdaq.com/symbol/eiv"
"EMJ","Eaton Vance New Jersey Municipal Bond Fund","13.23","$34.52M","2002","n/a","n/a","http://www.nasdaq.com/symbol/emj"
"EVJ","Eaton Vance New Jersey Municipal Income Trust","12.36","$57.67M","1999","n/a","n/a","http://www.nasdaq.com/symbol/evj"
"ENX","Eaton Vance New York Municipal Bond Fund","12.86","$201.67M","2002","n/a","n/a","http://www.nasdaq.com/symbol/enx"
"NYH","Eaton Vance New York Municipal Bond Fund II","12.58","$32.29M","2002","n/a","n/a","http://www.nasdaq.com/symbol/nyh"
"EVY","Eaton Vance New York Municipal Income Trust","13.7","$75.01M","1999","n/a","n/a","http://www.nasdaq.com/symbol/evy"
"EIO","Eaton Vance Ohio Municipal Bond Fund","12.852","$32.61M","2002","n/a","n/a","http://www.nasdaq.com/symbol/eio"
"EVO","Eaton Vance Ohio Municipal Income Trust","13.62","$38.91M","1999","n/a","n/a","http://www.nasdaq.com/symbol/evo"
"EIP","Eaton Vance Pennsylvania Municipal Bond Fund","13.046","$38.62M","2002","n/a","n/a","http://www.nasdaq.com/symbol/eip"
"EVP","Eaton Vance Pennsylvania Municipal Income Trust","12.2486","$33.05M","1999","n/a","n/a","http://www.nasdaq.com/symbol/evp"
"ELMD","Electromed, Inc.","2.55","$20.74M","2011","Health Care","Biotechnology: Electromedical & Electrotherapeutic Apparatus","http://www.nasdaq.com/symbol/elmd"
"ETAK","Elephant Talk Communications Corp.","0.37","$57.39M","n/a","Public Utilities","Telecommunications Equipment","http://www.nasdaq.com/symbol/etak"
"ELLO","Ellomay Capital Ltd.","8.4","$89.88M","n/a","Public Utilities","Electric Utilities: Central","http://www.nasdaq.com/symbol/ello"
"ECF","Ellsworth Growth and Income Fund Ltd.","9.06","$119.05M","1986","n/a","n/a","http://www.nasdaq.com/symbol/ecf"
"EMAN","eMagin Corporation","2.21","$55.68M","n/a","Technology","Semiconductors","http://www.nasdaq.com/symbol/eman"
"EOX","Emerald Oil, Inc.","0.64","$69.07M","n/a","Energy","Oil & Gas Production","http://www.nasdaq.com/symbol/eox"
"MSN","Emerson Radio Corporation","1.3884","$37.67M","n/a","Consumer Non-Durables","Consumer Electronics/Appliances","http://www.nasdaq.com/symbol/msn"
"UUUU","Energy Fuels Inc","4.96","$97.63M","n/a","Basic Industries","Mining & Quarrying of Nonmetallic Minerals (No Fuels)","http://www.nasdaq.com/symbol/uuuu"
"ENRJ","EnerJex Resources, Inc.","1.66","$13.96M","n/a","Energy","Oil & Gas Production","http://www.nasdaq.com/symbol/enrj"
"ENRJ^","EnerJex Resources, Inc.","15.9459","n/a","n/a","n/a","n/a","http://www.nasdaq.com/symbol/enrj^"
"ENSV","ENSERVCO Corporation","1.73","$65.08M","n/a","Energy","Oilfield Services/Equipment","http://www.nasdaq.com/symbol/ensv"
"EGI","Entree Gold Inc","0.4397","$64.63M","n/a","Basic Industries","Precious Metals","http://www.nasdaq.com/symbol/egi"
"EVI","EnviroStarm, Inc.","4.29","$30.17M","n/a","Consumer Services","Other Consumer Services","http://www.nasdaq.com/symbol/evi"
"ERB","ERBA Diagnostics, Inc.","2.65","$116.62M","n/a","Health Care","Major Pharmaceuticals","http://www.nasdaq.com/symbol/erb"
"ERN","Erin Energy Corp.","5.58","$195.81M","n/a","Energy","Oil & Gas Production","http://www.nasdaq.com/symbol/ern"
"ESP","Espey Mfg. & Electronics Corp.","27.226","$64.2M","n/a","Capital Goods","Industrial Machinery/Components","http://www.nasdaq.com/symbol/esp"
"EMXX","Eurasian Minerals Inc.","0.6299","$46.26M","n/a","Basic Industries","Precious Metals","http://www.nasdaq.com/symbol/emxx"
"EVBN","Evans Bancorp, Inc.","24.45","$103M","n/a","Finance","Major Banks","http://www.nasdaq.com/symbol/evbn"
"EPM","Evolution Petroleum Corporation, Inc.","6.89","$226.41M","n/a","Energy","Oil & Gas Production","http://www.nasdaq.com/symbol/epm"
"EPM^A","Evolution Petroleum Corporation, Inc.","25.85","n/a","n/a","n/a","n/a","http://www.nasdaq.com/symbol/epm^a"
"XRA","Exeter Resource Corporation","0.55","$48.62M","n/a","Basic Industries","Mining & Quarrying of Nonmetallic Minerals (No Fuels)","http://www.nasdaq.com/symbol/xra"
"FPI","Farmland Partners Inc.","11.84","$91.54M","2014","Consumer Services","Real Estate Investment Trusts","http://www.nasdaq.com/symbol/fpi"
"FPP","FieldPoint Petroleum Corporation","2.06","$16.76M","n/a","Energy","Oil & Gas Production","http://www.nasdaq.com/symbol/fpp"
"FPP/WS","FieldPoint Petroleum Corporation","0.28","n/a","n/a","n/a","n/a","http://www.nasdaq.com/symbol/fpp/ws"
"FEN","First Trust Energy Income and Growth Fund","35.61","$689.24M","2004","n/a","n/a","http://www.nasdaq.com/symbol/fen"
"FWV","First West Virginia Bancorp, Inc.","22.4","$38.5M","n/a","Finance","Major Banks","http://www.nasdaq.com/symbol/fwv"
"BDL","Flanigan&#39;s Enterprises, Inc.","29.064","$54.02M","n/a","Consumer Services","Restaurants","http://www.nasdaq.com/symbol/bdl"
"FSI","Flexible Solutions International Inc.","1.42","$18.7M","n/a","Basic Industries","Major Chemicals","http://www.nasdaq.com/symbol/fsi"
"FTF","Franklin Limited Duration Income Trust","12.31","$330.35M","2003","n/a","n/a","http://www.nasdaq.com/symbol/ftf"
"FSP","Franklin Street Properties Corp.","11.8","$1.18B","n/a","Consumer Services","Real Estate Investment Trusts","http://www.nasdaq.com/symbol/fsp"
"FRD","Friedman Industries Inc.","6.49","$44.13M","n/a","Capital Goods","Steel/Iron Ore","http://www.nasdaq.com/symbol/frd"
"FRS","Frisch&#39;s Restaurants, Inc.","28.56","$146.56M","n/a","Consumer Services","Restaurants","http://www.nasdaq.com/symbol/frs"
"GGN","GAMCO Global Gold, Natural Reources & Income Trust ","7.55","$851.1M","2005","n/a","n/a","http://www.nasdaq.com/symbol/ggn"
"GGN^B","GAMCO Global Gold, Natural Reources & Income Trust ","22.58","n/a","n/a","n/a","n/a","http://www.nasdaq.com/symbol/ggn^b"
"EGAS","Gas Natural Inc.","10.09","$105.46M","n/a","Public Utilities","Oil/Gas Transmission","http://www.nasdaq.com/symbol/egas"
"GST","Gastar Exploration Inc.","3.79","$303.75M","n/a","Energy","Oil & Gas Production","http://www.nasdaq.com/symbol/gst"
"GST^A","Gastar Exploration Inc.","23.17","n/a","n/a","n/a","n/a","http://www.nasdaq.com/symbol/gst^a"
"GST^B","Gastar Exploration Inc.","24.96","n/a","n/a","n/a","n/a","http://www.nasdaq.com/symbol/gst^b"
"JOB","General Employment Enterprises, Inc.","0.81","$23.49M","n/a","Technology","Diversified Commercial Services","http://www.nasdaq.com/symbol/job"
"GMO","General Moly, Inc","0.77","$70.03M","n/a","Basic Industries","Precious Metals","http://www.nasdaq.com/symbol/gmo"
"GIG","GigOptix, Inc.","1.51","$49.25M","n/a","Technology","Semiconductors","http://www.nasdaq.com/symbol/gig"
"GSB","GlobalSCAPE, Inc.","3.27","$67.88M","n/a","Technology","Computer Software: Prepackaged Software","http://www.nasdaq.com/symbol/gsb"
"GSAT","Globalstar, Inc.","2.53","$2.2B","2006","Consumer Services","Telecommunications Equipment","http://www.nasdaq.com/symbol/gsat"
"GLOW","Glowpoint, Inc.","0.8","$28.55M","n/a","Public Utilities","Telecommunications Equipment","http://www.nasdaq.com/symbol/glow"
"GORO","Gold Resource Corporation","3.46","$187.46M","n/a","Basic Industries","Precious Metals","http://www.nasdaq.com/symbol/goro"
"GSV","Gold Standard Ventures Corporation","0.5","$71.39M","n/a","Basic Industries","Mining & Quarrying of Nonmetallic Minerals (No Fuels)","http://www.nasdaq.com/symbol/gsv"
"AUMN","Golden Minerals Company","0.4371","$23.24M","n/a","Basic Industries","Precious Metals","http://www.nasdaq.com/symbol/aumn"
"GSS","Golden Star Resources, Ltd","0.2157","$55.97M","n/a","Basic Industries","Precious Metals","http://www.nasdaq.com/symbol/gss"
"GV","Goldfield Corporation (The)","1.66","$42.25M","n/a","Basic Industries","Water Supply","http://www.nasdaq.com/symbol/gv"
"GRC","Gorman-Rupp Company (The)","27.31","$717.18M","n/a","Capital Goods","Fluid Controls","http://www.nasdaq.com/symbol/grc"
"GTE","Gran Tierra Energy Inc.","3.77","$1.05B","n/a","Energy","Oil & Gas Production","http://www.nasdaq.com/symbol/gte"
"GPL","Great Panther Silver Limited","0.5388","$75.2M","n/a","Basic Industries","Precious Metals","http://www.nasdaq.com/symbol/gpl"
"GRH","GreenHunter Resources, Inc.","0.82","$32.34M","n/a","Basic Industries","Major Chemicals","http://www.nasdaq.com/symbol/grh"
"GRH^C","GreenHunter Resources, Inc.","20.6","n/a","n/a","n/a","n/a","http://www.nasdaq.com/symbol/grh^c"
"SIM","Grupo Simec, S.A. de C.V.","7.78","$1.29B","1993","Basic Industries","Steel/Iron Ore","http://www.nasdaq.com/symbol/sim"
"GVP","GSE Systems, Inc.","1.5","$26.83M","n/a","Technology","Computer Software: Prepackaged Software","http://www.nasdaq.com/symbol/gvp"
"HCHC","HC2 Holdings, Inc.","11","$261.97M","n/a","Public Utilities","Telecommunications Equipment","http://www.nasdaq.com/symbol/hchc"
"HEB","Hemispherx BioPharma, Inc.","0.2589","$55.69M","n/a","Health Care","Biotechnology: Biological Products (No Diagnostic Substances)","http://www.nasdaq.com/symbol/heb"
"HLM^","Hillman Group Capital Trust","28.7399","n/a","n/a","n/a","n/a","http://www.nasdaq.com/symbol/hlm^"
"HMG","HMG/Courtland Properties, Inc.","12.11","$12.63M","n/a","Consumer Services","Real Estate Investment Trusts","http://www.nasdaq.com/symbol/hmg"
"HH","Hooper Holmes, Inc.","0.488","$37.78M","n/a","Health Care","Hospital/Nursing Management","http://www.nasdaq.com/symbol/hh"
"HUSA","Houston American Energy Corporation","0.21","$10.96M","n/a","Energy","Oil & Gas Production","http://www.nasdaq.com/symbol/husa"
"IBIO","iBio, Inc.","0.91","$67.32M","n/a","Health Care","Major Pharmaceuticals","http://www.nasdaq.com/symbol/ibio"
"IBO","IBO (Listing Market - NYSE Amex Network B F)","153.82","n/a","n/a","n/a","n/a","http://www.nasdaq.com/symbol/ibo"
"IEC","IEC Electronics Corp.","4.15","$42.09M","n/a","Technology","Electrical Products","http://www.nasdaq.com/symbol/iec"
"IG","IGI Laboratories, Inc.","5.22","$275.93M","n/a","Health Care","Biotechnology: Biological Products (No Diagnostic Substances)","http://www.nasdaq.com/symbol/ig"
"IMUC","ImmunoCellular Therapeutics, Ltd.","0.4628","$41.77M","n/a","Health Care","Major Pharmaceuticals","http://www.nasdaq.com/symbol/imuc"
"IMH","Impac Mortgage Holdings, Inc.","26.91","$258.51M","1997","Consumer Services","Real Estate Investment Trusts","http://www.nasdaq.com/symbol/imh"
"IMO","Imperial Oil Limited","43.3","$36.7B","n/a","Energy","Integrated oil Companies","http://www.nasdaq.com/symbol/imo"
"IOT","Income Opportunity Realty Investors, Inc.","6.77","$28.22M","n/a","Consumer Services","Real Estate Investment Trusts","http://www.nasdaq.com/symbol/iot"
"IRT","Independence Realty Trust, Inc.","9.08","$289.6M","2013","Consumer Services","Real Estate Investment Trusts","http://www.nasdaq.com/symbol/irt"
"IGC","India Globalization Capital Inc.","0.51","$7.67M","n/a","Basic Industries","Precious Metals","http://www.nasdaq.com/symbol/igc"
"IGC/WS","India Globalization Capital Inc.","0.0038","n/a","n/a","n/a","n/a","http://www.nasdaq.com/symbol/igc/ws"
"INFU","InfuSystems Holdings, Inc.","3.1","$69.16M","n/a","Health Care","Medical/Dental Instruments","http://www.nasdaq.com/symbol/infu"
"IHT","InnSuites Hospitality Trust","2.32","$19.21M","n/a","Consumer Services","Real Estate Investment Trusts","http://www.nasdaq.com/symbol/iht"
"NSPR","InspireMD, Inc.","0.27","$21.1M","n/a","Health Care","Medical/Dental Instruments","http://www.nasdaq.com/symbol/nspr"
"IFMI","Institutional Financial Markets, Inc.","1.4699","$22.61M","n/a","Finance","Investment Bankers/Brokers/Service","http://www.nasdaq.com/symbol/ifmi"
"IDN","Intellicheck Mobilisa, Inc.","1.5868","$15.59M","1999","Technology","Computer Software: Prepackaged Software","http://www.nasdaq.com/symbol/idn"
"INS","Intelligent Systems Corporation","2.9599","$26.51M","1992","Capital Goods","Metal Fabrications","http://www.nasdaq.com/symbol/ins"
"THM","International Tower Hill Mines Ltd","0.3998","$46.5M","n/a","Basic Industries","Precious Metals","http://www.nasdaq.com/symbol/thm"
"INTT","inTest Corporation","4.86","$51.33M","1997","Capital Goods","Electrical Products","http://www.nasdaq.com/symbol/intt"
"INUV","Inuvo, Inc","2.32","$56.31M","n/a","Consumer Services","Advertising","http://www.nasdaq.com/symbol/inuv"
"VKI","Invesco Advantage Municipal Income Trust II","11.58","$513.93M","n/a","n/a","n/a","http://www.nasdaq.com/symbol/vki"
"ISR","IsoRay, Inc.","1.76","$96.59M","n/a","Health Care","Medical/Dental Instruments","http://www.nasdaq.com/symbol/isr"
"ISDR","Issuer Direct Corporation","6.96","$16.12M","n/a","Miscellaneous","Publishing","http://www.nasdaq.com/symbol/isdr"
"ITI","Iteris, Inc.","1.8","$58.6M","n/a","Consumer Durables","Telecommunications Equipment","http://www.nasdaq.com/symbol/iti"
"KIQ","Kelso Technologies Inc","4.38","$198.18M","n/a","Capital Goods","Railroads","http://www.nasdaq.com/symbol/kiq"
"LTS","Ladenburg Thalmann Financial Services Inc","3.35","$623.92M","n/a","Finance","Investment Bankers/Brokers/Service","http://www.nasdaq.com/symbol/lts"
"LTS^A","Ladenburg Thalmann Financial Services Inc","24.45","n/a","n/a","n/a","n/a","http://www.nasdaq.com/symbol/lts^a"
"LSG","Lake Shore Gold Corp","0.9964","$434.02M","n/a","Basic Industries","Precious Metals","http://www.nasdaq.com/symbol/lsg"
"LAQ","Latin America Equity Fund, Inc. (The)","21.946","$163.47M","1991","n/a","n/a","http://www.nasdaq.com/symbol/laq"
"LGL","LGL Group, Inc. (The)","4.82","$12.61M","n/a","Capital Goods","Industrial Machinery/Components","http://www.nasdaq.com/symbol/lgl"
"LGL/WS","LGL Group, Inc. (The)","0.0105","n/a","n/a","n/a","n/a","http://www.nasdaq.com/symbol/lgl/ws"
"LBY","Libbey, Inc.","40.04","$872.53M","1993","Capital Goods","Industrial Machinery/Components","http://www.nasdaq.com/symbol/lby"
"LBMH","Liberator Medical Holdings, Inc.","2.94","$156.31M","n/a","Health Care","Medical/Nursing Services","http://www.nasdaq.com/symbol/lbmh"
"LIQT","LiqTech International, Inc.","0.8428","$33.21M","n/a","Technology","Industrial Machinery/Components","http://www.nasdaq.com/symbol/liqt"
"LEI","Lucas Energy, Inc.","0.1971","$6.9M","n/a","Energy","Oil & Gas Production","http://www.nasdaq.com/symbol/lei"
"MCZ","Mad Catz Interactive Inc","0.4269","$31.36M","n/a","Consumer Non-Durables","Recreational Products/Toys","http://www.nasdaq.com/symbol/mcz"
"MVG","Mag Silver Corporation","6.94","$480.06M","n/a","Basic Industries","Precious Metals","http://www.nasdaq.com/symbol/mvg"
"MHR^C","Magnum Hunter Resources Corporation","19.62","n/a","n/a","n/a","n/a","http://www.nasdaq.com/symbol/mhr^c"
"MHR^D","Magnum Hunter Resources Corporation","30.6","n/a","n/a","n/a","n/a","http://www.nasdaq.com/symbol/mhr^d"
"MHR^E","Magnum Hunter Resources Corporation","16.02","n/a","n/a","n/a","n/a","http://www.nasdaq.com/symbol/mhr^e"
"MSTX","Mast Therapeutics, Inc.","0.5203","$83.05M","n/a","Health Care","Major Pharmaceuticals","http://www.nasdaq.com/symbol/mstx"
"MHH","Mastech Holdings, Inc","9.8","$42.44M","n/a","Consumer Services","Professional Services","http://www.nasdaq.com/symbol/mhh"
"MDGN","Medgenics, Inc.","7.81","$194.5M","2011","Health Care","Biotechnology: Biological Products (No Diagnostic Substances)","http://www.nasdaq.com/symbol/mdgn"
"MDGN/WS","Medgenics, Inc.","3","n/a","n/a","n/a","n/a","http://www.nasdaq.com/symbol/mdgn/ws"
"IPB","Merrill Lynch & Co., Inc.","27.57","n/a","n/a","Finance","Finance: Consumer Services","http://www.nasdaq.com/symbol/ipb"
"MEA","Metalico Inc","0.3312","$24.41M","n/a","Basic Industries","Metal Fabrications","http://www.nasdaq.com/symbol/mea"
"MXC","Mexco Energy Corporation","5.36","$10.93M","n/a","Energy","Oil & Gas Production","http://www.nasdaq.com/symbol/mxc"
"CCA","MFS California Insured Municipal Trust","11.79","$32.85M","1999","n/a","n/a","http://www.nasdaq.com/symbol/cca"
"MGT","MGT Capital Investments Inc","0.5001","$6.77M","n/a","Miscellaneous","Multi-Sector Companies","http://www.nasdaq.com/symbol/mgt"
"MDW","Midway Gold Corporation","0.3331","$60.03M","n/a","Basic Industries","Precious Metals","http://www.nasdaq.com/symbol/mdw"
"MGH","Minco Gold Corporation","0.28","$14.17M","n/a","Basic Industries","Precious Metals","http://www.nasdaq.com/symbol/mgh"
"MGN","Mines Management, Inc.","0.5533","$16.5M","n/a","Basic Industries","Precious Metals","http://www.nasdaq.com/symbol/mgn"
"MVF","MuniVest Fund, Inc.","10.16","$650.06M","n/a","n/a","n/a","http://www.nasdaq.com/symbol/mvf"
"MZA","MuniYield Arizona Fund, Inc.","17.25","$79.25M","1993","n/a","n/a","http://www.nasdaq.com/symbol/mza"
"NNVC","NanoViricides, Inc.","1.85","$104.64M","n/a","Health Care","Biotechnology: Commercial Physical & Biological Resarch","http://www.nasdaq.com/symbol/nnvc"
"NHC","National HealthCare Corporation","63.55","$896.83M","n/a","Health Care","Hospital/Nursing Management","http://www.nasdaq.com/symbol/nhc"
"NHC^A","National HealthCare Corporation","15.51","n/a","n/a","n/a","n/a","http://www.nasdaq.com/symbol/nhc^a"
"NAVB","Navidea Biopharmaceuticals, Inc.","1.35","$202.96M","n/a","Health Care","Biotechnology: In Vitro & In Vivo Diagnostic Substances","http://www.nasdaq.com/symbol/navb"
"NTIP","Network-1 Technologies, Inc.","2.29","$55.47M","n/a","Technology","Computer Software: Prepackaged Software","http://www.nasdaq.com/symbol/ntip"
"NBW","Neuberger Berman California Intermediate Municipal Fund Inc.","16.7","$92.48M","2002","n/a","n/a","http://www.nasdaq.com/symbol/nbw"
"NHS","Neuberger Berman High Yield Strategies Fund","12.52","$244.65M","n/a","n/a","n/a","http://www.nasdaq.com/symbol/nhs"
"NBH","Neuberger Berman Intermediate Municipal Fund Inc.","15.48","$290.49M","2002","n/a","n/a","http://www.nasdaq.com/symbol/nbh"
"NML","Neuberger Berman MLP Income Fund Inc.","18.43","$1.04B","2013","n/a","n/a","http://www.nasdaq.com/symbol/nml"
"NBO","Neuberger Berman New York Intermediate Municipal Fund Inc.","14.11","$71.62M","2002","n/a","n/a","http://www.nasdaq.com/symbol/nbo"
"NRO","Neuberger Berman Real Estate Securities Income Fund, Inc.","5.16","$287.87M","2003","n/a","n/a","http://www.nasdaq.com/symbol/nro"
"CUR","Neuralstem, Inc.","1.89","$170.74M","n/a","Health Care","Biotechnology: Biological Products (No Diagnostic Substances)","http://www.nasdaq.com/symbol/cur"
"UWN","Nevada Gold & Casinos, Inc.","1.6799","$27.32M","n/a","Consumer Services","Services-Misc. Amusement & Recreation","http://www.nasdaq.com/symbol/uwn"
"NSU","Nevsun Resources Ltd","4","$798.63M","n/a","Basic Industries","Precious Metals","http://www.nasdaq.com/symbol/nsu"
"GBR","New Concept Energy, Inc","1.72","$3.35M","n/a","Energy","Oil & Gas Production","http://www.nasdaq.com/symbol/gbr"
"NEN","New England Realty Associates Limited Partnership","48.7","$185.55M","n/a","Consumer Services","Building operators","http://www.nasdaq.com/symbol/nen"
"NGD","NEW GOLD INC.","3.3","$1.68B","n/a","Basic Industries","Precious Metals","http://www.nasdaq.com/symbol/ngd"
"HLTH","Nobilis Health Corp.","6.92","$423.56M","2015","n/a","n/a","http://www.nasdaq.com/symbol/hlth"
"NSAT","Norsat International Inc.","4.95","$28.87M","n/a","Capital Goods","Industrial Machinery/Components","http://www.nasdaq.com/symbol/nsat"
"NAK","Northern Dynasty Minerals, Ltd.","0.395","$41.46M","n/a","Basic Industries","Precious Metals","http://www.nasdaq.com/symbol/nak"
"NOG","Northern Oil and Gas, Inc.","8.77","$539.78M","n/a","Energy","Oil & Gas Production","http://www.nasdaq.com/symbol/nog"
"NBY","NovaBay Pharmaceuticals, Inc.","0.6485","$40.29M","2007","Health Care","Major Pharmaceuticals","http://www.nasdaq.com/symbol/nby"
"NCQ","NovaCopper Inc.","0.5702","$34.57M","n/a","Basic Industries","Precious Metals","http://www.nasdaq.com/symbol/ncq"
"NG","Novagold Resources Inc.","3.76","$1.2B","n/a","Basic Industries","Precious Metals","http://www.nasdaq.com/symbol/ng"
"NTN","NTN Buzztime, Inc.","0.4075","$37.65M","n/a","Consumer Services","Broadcasting","http://www.nasdaq.com/symbol/ntn"
"NVX","Nuveen California Dividend Advantage Municipal Fund 2","14.52","$214.3M","2001","n/a","n/a","http://www.nasdaq.com/symbol/nvx"
"NZH","Nuveen California Dividend Advantage Municipal Fund 3","13.76","$332.33M","n/a","n/a","n/a","http://www.nasdaq.com/symbol/nzh"
"NCB","Nuveen California Municipal Value Fund 2","16.52","$54.32M","n/a","n/a","n/a","http://www.nasdaq.com/symbol/ncb"
"CFD","Nuveen Diversified Commodity Fund","12.33","$111.55M","2010","n/a","n/a","http://www.nasdaq.com/symbol/cfd"
"NXZ","Nuveen Dividend Advantage Municipal Fund 2","14.0352","$413.74M","2001","n/a","n/a","http://www.nasdaq.com/symbol/nxz"
"NZF","Nuveen Dividend Advantage Municipal Fund 3","14.02","$509.35M","2007","n/a","n/a","http://www.nasdaq.com/symbol/nzf"
"NVG","Nuveen Dividend Advantage Municipal Income Fund","14.25","$379.96M","2002","n/a","n/a","http://www.nasdaq.com/symbol/nvg"
"CTF","Nuveen Long/Short Commodity Total Return Fund","16.35","$267.25M","n/a","n/a","n/a","http://www.nasdaq.com/symbol/ctf"
"NOM","Nuveen Missouri Premium Income Municipal Fund","15.26","$35.59M","1993","n/a","n/a","http://www.nasdaq.com/symbol/nom"
"NMZ","Nuveen Municipal High Income Opportunity Fund","13.74","$687.99M","2003","n/a","n/a","http://www.nasdaq.com/symbol/nmz"
"NJV","Nuveen New Jersey Municipal Value Fund","14.7","$22.79M","n/a","n/a","n/a","http://www.nasdaq.com/symbol/njv"
"NXK","Nuveen New York Dividend Advantage Municipal Fund 2","13.44","$87.13M","2001","n/a","n/a","http://www.nasdaq.com/symbol/nxk"
"NYV","Nuveen New York Municipal Value Fund 2","15.03","$35.31M","2009","n/a","n/a","http://www.nasdaq.com/symbol/nyv"
"NPN","Nuveen Pennsylvania Municipal Value Fund","15.49","$18.89M","2009","n/a","n/a","http://www.nasdaq.com/symbol/npn"
"JRS","Nuveen Real Estate Fund","11.46","$331.11M","2001","n/a","n/a","http://www.nasdaq.com/symbol/jrs"
"OGEN","Oragenics, Inc.","0.87","$33.39M","n/a","Health Care","Major Pharmaceuticals","http://www.nasdaq.com/symbol/ogen"
"TIS","Orchids Paper Products Company","21.95","$192.26M","2005","Basic Industries","Paper","http://www.nasdaq.com/symbol/tis"
"ONVO","Organovo Holdings, Inc.","4.77","$388.69M","n/a","Health Care","Biotechnology: Biological Products (No Diagnostic Substances)","http://www.nasdaq.com/symbol/onvo"
"ONP","Orient Paper, Inc.","1.8","$36.57M","n/a","Consumer Durables","Containers/Packaging","http://www.nasdaq.com/symbol/onp"
"OESX","Orion Energy Systems, Inc.","2.99","$81.98M","2007","Consumer Durables","Building Products","http://www.nasdaq.com/symbol/oesx"
"OSGB","Overseas Shipholding Group, Inc.","3.32","$101.42M","n/a","Transportation","Marine Transportation","http://www.nasdaq.com/symbol/osgb"
"ORM","Owens Realty Mortgage, Inc.","13.29","$143.11M","2013","Consumer Services","Real Estate Investment Trusts","http://www.nasdaq.com/symbol/orm"
"PHF","Pacholder High Yield Fund, Inc.","7.46","$96.95M","n/a","n/a","n/a","http://www.nasdaq.com/symbol/phf"
"PBM","Pacific Booker Minerals Inc","4.15","$51.31M","n/a","Basic Industries","Precious Metals","http://www.nasdaq.com/symbol/pbm"
"PCG^A","Pacific Gas & Electric Co.","29.5","n/a","n/a","n/a","n/a","http://www.nasdaq.com/symbol/pcg^a"
"PCG^B","Pacific Gas & Electric Co.","26.9999","n/a","n/a","n/a","n/a","http://www.nasdaq.com/symbol/pcg^b"
"PCG^C","Pacific Gas & Electric Co.","25.39","n/a","n/a","n/a","n/a","http://www.nasdaq.com/symbol/pcg^c"
"PCG^D","Pacific Gas & Electric Co.","24.89","n/a","n/a","n/a","n/a","http://www.nasdaq.com/symbol/pcg^d"
"PCG^E","Pacific Gas & Electric Co.","25.34","n/a","n/a","n/a","n/a","http://www.nasdaq.com/symbol/pcg^e"
"PCG^G","Pacific Gas & Electric Co.","23.63","n/a","n/a","n/a","n/a","http://www.nasdaq.com/symbol/pcg^g"
"PCG^H","Pacific Gas & Electric Co.","23.2","n/a","n/a","n/a","n/a","http://www.nasdaq.com/symbol/pcg^h"
"PCG^I","Pacific Gas & Electric Co.","23.98","n/a","n/a","n/a","n/a","http://www.nasdaq.com/symbol/pcg^i"
"PTN","Palatin Technologies, Inc.","0.89","$37.52M","n/a","Health Care","Major Pharmaceuticals","http://www.nasdaq.com/symbol/ptn"
"PARR","Par Petroleum Corporation","24.11","$894.33M","n/a","Energy","Oil & Gas Production","http://www.nasdaq.com/symbol/parr"
"PZG","Paramount Gold and Silver Corp.","1.75","n/a","2015","Basic Industries","Precious Metals","http://www.nasdaq.com/symbol/pzg"
"PRK","Park National Corporation","81.67","$1.26B","n/a","Finance","Major Banks","http://www.nasdaq.com/symbol/prk"
"PED","Pedevco Corp.","0.7","$26.47M","n/a","Energy","Oil & Gas Production","http://www.nasdaq.com/symbol/ped"
"PFNX","Pfenex Inc.","12.74","$261.46M","2014","Health Care","Major Pharmaceuticals","http://www.nasdaq.com/symbol/pfnx"
"PIP","PharmAthene, Inc","1.59","$101.18M","n/a","Health Care","Major Pharmaceuticals","http://www.nasdaq.com/symbol/pip"
"HNW","Pioneer Diversified High Income Trust","17.44","$145.32M","2007","n/a","n/a","http://www.nasdaq.com/symbol/hnw"
"PLG","Platinum Group Metals Ltd.","0.45","$346.02M","n/a","Basic Industries","Precious Metals","http://www.nasdaq.com/symbol/plg"
"PLM","Polymet Mining Corp.","1.1674","$322.75M","n/a","Basic Industries","Precious Metals","http://www.nasdaq.com/symbol/plm"
"PW","Power REIT","6.1","$10.56M","n/a","Consumer Services","Real Estate Investment Trusts","http://www.nasdaq.com/symbol/pw"
"PW^A","Power REIT","26.75","n/a","n/a","n/a","n/a","http://www.nasdaq.com/symbol/pw^a"
"APTS","Preferred Apartment Communities, Inc.","11.01","$241.83M","2011","Consumer Services","Real Estate Investment Trusts","http://www.nasdaq.com/symbol/apts"
"PLX","Protalix BioTherapeutics, Inc.","2.18","$204.06M","n/a","Health Care","Biotechnology: Biological Products (No Diagnostic Substances)","http://www.nasdaq.com/symbol/plx"
"PVCT","Provectus Biopharmaceuticals, Inc.","0.886","$164.06M","n/a","Health Care","Major Pharmaceuticals","http://www.nasdaq.com/symbol/pvct"
"RLGT","Radiant Logistics, Inc.","5.23","$181.55M","n/a","Transportation","Oil Refining/Marketing","http://www.nasdaq.com/symbol/rlgt"
"RLGT^A","Radiant Logistics, Inc.","27.8335","n/a","n/a","n/a","n/a","http://www.nasdaq.com/symbol/rlgt^a"
"REE","Rare Element Resources Ltd.","0.66","$34.94M","n/a","Basic Industries","Precious Metals","http://www.nasdaq.com/symbol/ree"
"UTG","Reaves Utility Income Fund","30.15","$874.78M","2004","n/a","n/a","http://www.nasdaq.com/symbol/utg"
"REED","Reeds, Inc.","5.11","$66.78M","n/a","Consumer Non-Durables","Beverages (Production/Distribution)","http://www.nasdaq.com/symbol/reed"
"RWC","RELM Wireless Corporation","6.59","$90.22M","n/a","Technology","Radio And Television Broadcasting And Communications Equipment","http://www.nasdaq.com/symbol/rwc"
"RCG","RENN Fund, Inc.","1.2","$5.36M","n/a","n/a","n/a","http://www.nasdaq.com/symbol/rcg"
"RVP","Retractable Technologies, Inc.","4.15","$114.94M","n/a","Health Care","Medical/Dental Instruments","http://www.nasdaq.com/symbol/rvp"
"RVM","Revett Mining Company, Inc.","0.48","$18.85M","n/a","Basic Industries","Precious Metals","http://www.nasdaq.com/symbol/rvm"
"RNN","Rexahn Pharmaceuticals, Inc.","0.7151","$128.15M","n/a","Health Care","Major Pharmaceuticals","http://www.nasdaq.com/symbol/rnn"
"RIC","Richmont Mines, Inc.","3.2","$185.41M","n/a","Basic Industries","Precious Metals","http://www.nasdaq.com/symbol/ric"
"REI","Ring Energy, Inc.","11.82","$304.34M","n/a","Energy","Oil & Gas Production","http://www.nasdaq.com/symbol/rei"
"RIF","RMR Real Estate Income Fund.","20.45","$156.47M","n/a","n/a","n/a","http://www.nasdaq.com/symbol/rif"
"RBY","Rubicon Minerals Corp","1.06","$417.9M","n/a","Basic Industries","Precious Metals","http://www.nasdaq.com/symbol/rby"
"SGA","Saga Communications, Inc.","40.71","$202M","n/a","Consumer Services","Broadcasting","http://www.nasdaq.com/symbol/sga"
"SSN","Samson Oil & Gas Limited","1.56","$22.13M","n/a","Energy","Oil & Gas Production","http://www.nasdaq.com/symbol/ssn"
"SPP","Sanchez Production Partners LP","2.26","$65.07M","n/a","Energy","Oil & Gas Production","http://www.nasdaq.com/symbol/spp"
"SAND          ","Sandstorm Gold Ltd","3.46","$405.96M","n/a","Basic Industries","Precious Metals","http://www.nasdaq.com/symbol/sand          "
"SARA","Saratoga Resources Inc","0.22","$6.82M","n/a","Energy","Oil & Gas Production","http://www.nasdaq.com/symbol/sara"
"SEB","Seaboard Corporation","3610","$4.23B","1996","n/a","n/a","http://www.nasdaq.com/symbol/seb"
"SVT","Servotronics, Inc.","6.55","$15.97M","n/a","Capital Goods","Industrial Machinery/Components","http://www.nasdaq.com/symbol/svt"
"SIF","SIFCO Industries, Inc.","14.54","$78.97M","n/a","Capital Goods","Aerospace","http://www.nasdaq.com/symbol/sif"
"SVBL","Silver Bull Resources, Inc.","0.11","$17.5M","n/a","Basic Industries","Precious Metals","http://www.nasdaq.com/symbol/svbl"
"SVLC","SilverCrest Mines, Inc.","1.06","$125.88M","n/a","Basic Industries","Precious Metals","http://www.nasdaq.com/symbol/svlc"
"SKY","Skyline Corporation","3.48","$29.2M","n/a","Basic Industries","Homebuilding","http://www.nasdaq.com/symbol/sky"
"SLI","SL Industries, Inc.","41.67","$169.23M","n/a","Capital Goods","Industrial Machinery/Components","http://www.nasdaq.com/symbol/sli"
"XPL","Solitario Exploration & Royalty Corp","0.7775","$30.52M","n/a","Basic Industries","Precious Metals","http://www.nasdaq.com/symbol/xpl"
"SCE^B","Southern California Edison Company","23.28","n/a","n/a","n/a","n/a","http://www.nasdaq.com/symbol/sce^b"
"SCE^C","Southern California Edison Company","23.5","n/a","n/a","n/a","n/a","http://www.nasdaq.com/symbol/sce^c"
"SCE^D","Southern California Edison Company","23.38","n/a","n/a","n/a","n/a","http://www.nasdaq.com/symbol/sce^d"
"SCE^E","Southern California Edison Company","25","n/a","n/a","n/a","n/a","http://www.nasdaq.com/symbol/sce^e"
"SGB","Southwest Georgia Financial Corporation","13.65","$34.78M","n/a","Finance","Major Banks","http://www.nasdaq.com/symbol/sgb"
"LOV","Spark Networks, Inc.","3.96","$97.93M","n/a","Miscellaneous","Business Services","http://www.nasdaq.com/symbol/lov"
"STRP","Straight Path Communications Inc.","20.44","$244.86M","2013","Public Utilities","Telecommunications Equipment","http://www.nasdaq.com/symbol/strp"
"SSY","SunLink Health Systems, Inc.","1.44","$13.6M","n/a","Health Care","Hospital/Nursing Management","http://www.nasdaq.com/symbol/ssy"
"SDPI","Superior Drilling Products, Inc.","3.72","$64.32M","2014","Energy","Metal Fabrications","http://www.nasdaq.com/symbol/sdpi"
"STS","Supreme Industries, Inc.","7.75","$128.55M","n/a","Capital Goods","Construction/Ag Equipment/Trucks","http://www.nasdaq.com/symbol/sts"
"SYRG","Synergy Resources Corporation","11.77","$1.22B","n/a","Energy","Oil & Gas Production","http://www.nasdaq.com/symbol/syrg"
"SYN","Synthetic Biologics, Inc","2.1","$152.72M","n/a","Health Care","Major Pharmaceuticals","http://www.nasdaq.com/symbol/syn"
"TRX","Tanzanian Royalty Exploration Corporation","0.4","$40.7M","n/a","Basic Industries","Precious Metals","http://www.nasdaq.com/symbol/trx"
"TGB","Taseko Mines Limited","0.88","$195.19M","n/a","Basic Industries","Precious Metals","http://www.nasdaq.com/symbol/tgb"
"TAS","Tasman Metals Ltd","0.63","$41.67M","n/a","Basic Industries","Precious Metals","http://www.nasdaq.com/symbol/tas"
"TRC/WS","Tejon Ranch Co","0.5907","n/a","n/a","n/a","n/a","http://www.nasdaq.com/symbol/trc/ws"
"TIK","Tel-Instrument Electronics Corp.","5.83","$18.99M","n/a","Capital Goods","Electrical Products","http://www.nasdaq.com/symbol/tik"
"TGC","Tengasco, Inc.","0.26","$15.82M","n/a","Energy","Oil & Gas Production","http://www.nasdaq.com/symbol/tgc"
"GLU","The Gabelli Global Utility and Income Trust","19.38","$79.68M","2004","n/a","n/a","http://www.nasdaq.com/symbol/glu"
"GLU^A","The Gabelli Global Utility and Income Trust","50.3","n/a","n/a","n/a","n/a","http://www.nasdaq.com/symbol/glu^a"
"TXMD","TherapeuticsMD, Inc.","6.62","$1.14B","n/a","Health Care","Major Pharmaceuticals","http://www.nasdaq.com/symbol/txmd"
"TPI","Tianyin Pharmaceutical Co., Inc.","0.5115","$15.05M","n/a","Health Care","Major Pharmaceuticals","http://www.nasdaq.com/symbol/tpi"
"IDI","Tiger Media, Inc.","6.48","$90M","n/a","Consumer Services","Advertising","http://www.nasdaq.com/symbol/idi"
"TLR","Timberline Resources Corporation","0.6781","$6.71M","n/a","Basic Industries","Precious Metals","http://www.nasdaq.com/symbol/tlr"
"TGD","Timmons Gold Corp","0.62","$111.52M","2011","Basic Industries","Precious Metals","http://www.nasdaq.com/symbol/tgd"
"TOF","Tofutti Brands Inc.","4.11","$21.18M","n/a","Consumer Non-Durables","Specialty Foods","http://www.nasdaq.com/symbol/tof"
"TMP","Tompkins Financial Corporation","51.35","$766.79M","n/a","Finance","Major Banks","http://www.nasdaq.com/symbol/tmp"
"TAT","Transatlantic Petroleum Ltd","5.75","$234.54M","n/a","Energy","Oil & Gas Production","http://www.nasdaq.com/symbol/tat"
"TRXC","TransEnterix, Inc.","3.58","$230.69M","n/a","Health Care","Medical/Dental Instruments","http://www.nasdaq.com/symbol/trxc"
"TPLM","Triangle Petroleum Corporation","5.68","$427.64M","n/a","Energy","Oil & Gas Production","http://www.nasdaq.com/symbol/tplm"
"TRT","Trio-Tech International","2.82","$9.91M","n/a","Technology","Industrial Machinery/Components","http://www.nasdaq.com/symbol/trt"
"HTM","U.S. Geothermal Inc.","0.4829","$51.7M","n/a","Public Utilities","Electric Utilities: Central","http://www.nasdaq.com/symbol/htm"
"UAMY","United States Antimony Corporation","1.16","$76.59M","n/a","Capital Goods","Metal Fabrications","http://www.nasdaq.com/symbol/uamy"
"UUU","Universal Security Instruments, Inc.","5.76","$13.32M","n/a","Consumer Non-Durables","Electronic Components","http://www.nasdaq.com/symbol/uuu"
"UQM","UQM TECHNOLOGIES INC","1.03","$41.67M","n/a","Capital Goods","Industrial Machinery/Components","http://www.nasdaq.com/symbol/uqm"
"URG","Ur Energy Inc","0.94","$122.25M","n/a","Basic Industries","Precious Metals","http://www.nasdaq.com/symbol/urg"
"URZ","Uranerz Energy Corporation","1.17","$112.22M","n/a","Basic Industries","Precious Metals","http://www.nasdaq.com/symbol/urz"
"UEC","Uranium Energy Corp.","2.48","$228.14M","n/a","Basic Industries","Precious Metals","http://www.nasdaq.com/symbol/uec"
"VTG","Vantage Drilling Company","0.3921","$121.74M","n/a","Energy","Oil & Gas Production","http://www.nasdaq.com/symbol/vtg"
"VSR","Versar, Inc.","3.7","$36.29M","1986","Consumer Services","Military/Government/Technical","http://www.nasdaq.com/symbol/vsr"
"VII","Vicon Industries, Inc.","1.56","$14.27M","n/a","Consumer Durables","Telecommunications Equipment","http://www.nasdaq.com/symbol/vii"
"VHC","VirnetX Holding Corp","6.37","$331.98M","n/a","Miscellaneous","Multi-Sector Companies","http://www.nasdaq.com/symbol/vhc"
"VGZ","Vista Gold Corporation","0.36","$29.66M","n/a","Basic Industries","Precious Metals","http://www.nasdaq.com/symbol/vgz"
"VNRX","VolitionRX Limited","3.3","$59.18M","2015","Health Care","Biotechnology: In Vitro & In Vivo Diagnostic Substances","http://www.nasdaq.com/symbol/vnrx"
"VISI","Volt Information Sciences, Inc.","11.86","$246.88M","n/a","Technology","Professional Services","http://www.nasdaq.com/symbol/visi"
"EAD","Wells Fargo Advantage Income Opportunities Fund","8.93","$633.88M","2003","n/a","n/a","http://www.nasdaq.com/symbol/ead"
"ERC","Wells Fargo Advantage Multi-Sector Income Fund","13.63","$573.21M","2003","n/a","n/a","http://www.nasdaq.com/symbol/erc"
"ERH","Wells Fargo Advantage Utilities and High Income Fund","12.8","$118.16M","2004","n/a","n/a","http://www.nasdaq.com/symbol/erh"
"SBI","Western Asset Intermediate Muni Fund Inc","10.06","$141.61M","1992","n/a","n/a","http://www.nasdaq.com/symbol/sbi"
"WRN","Western Copper and Gold Corporation","0.4923","$46.37M","2011","Basic Industries","Precious Metals","http://www.nasdaq.com/symbol/wrn"
"WYY","WidePoint Corporation","1.42","$116.04M","n/a","Technology","EDP Services","http://www.nasdaq.com/symbol/wyy"
"WTT","Wireless Telecom Group,  Inc.","2.23","$43.48M","n/a","Capital Goods","Electrical Products","http://www.nasdaq.com/symbol/wtt"
"YUMA","Yuma Energy, Inc.","0.93","$66.55M","n/a","Energy","Oil & Gas Production","http://www.nasdaq.com/symbol/yuma"
"YUMA^A","Yuma Energy, Inc.","20.24","n/a","n/a","n/a","n/a","http://www.nasdaq.com/symbol/yuma^a"
"ZBB","ZBB Energy Corporation","0.8401","$32.83M","2007","Public Utilities","Electric Utilities: Central","http://www.nasdaq.com/symbol/zbb"
